/*
SQLyog Ultimate v12.4.3 (64 bit)
MySQL - 5.5.53 : Database - parking_management
*********************************************************************
*/

/*!40101 SET NAMES utf8 */;

/*!40101 SET SQL_MODE=''*/;

/*!40014 SET @OLD_UNIQUE_CHECKS=@@UNIQUE_CHECKS, UNIQUE_CHECKS=0 */;
/*!40014 SET @OLD_FOREIGN_KEY_CHECKS=@@FOREIGN_KEY_CHECKS, FOREIGN_KEY_CHECKS=0 */;
/*!40101 SET @OLD_SQL_MODE=@@SQL_MODE, SQL_MODE='NO_AUTO_VALUE_ON_ZERO' */;
/*!40111 SET @OLD_SQL_NOTES=@@SQL_NOTES, SQL_NOTES=0 */;
CREATE DATABASE /*!32312 IF NOT EXISTS*/`parking_management` /*!40100 DEFAULT CHARACTER SET utf8 */;

USE `parking_management`;

/*Table structure for table `pro_admin` */

DROP TABLE IF EXISTS `pro_admin`;

CREATE TABLE `pro_admin` (
  `id` int(10) NOT NULL AUTO_INCREMENT,
  `userName` varchar(255) NOT NULL,
  `password` varchar(255) NOT NULL,
  `phone` varchar(255) NOT NULL,
  `email` varchar(255) DEFAULT NULL,
  PRIMARY KEY (`id`)
) ENGINE=InnoDB AUTO_INCREMENT=13 DEFAULT CHARSET=utf8;

/*Data for the table `pro_admin` */

insert  into `pro_admin`(`id`,`userName`,`password`,`phone`,`email`) values 
(1,'admin','admin','',NULL),
(2,'adminasdas','admin','',NULL),
(3,'admins','admins','15115515151',''),
(5,'15515151551','15515151551','15515151551',''),
(6,'adminsss','admin','15515515159',''),
(7,'admin123','123456','15915511515',''),
(8,'admin123123','admin','15936641515',''),
(9,'15515151','15515151551','15515151551',''),
(10,'admin1234','15915511515','15915511515',''),
(11,'adminssa','15915511515','15915511515',''),
(12,'12235433','admin','17616661666','');

/*Table structure for table `pro_car_information` */

DROP TABLE IF EXISTS `pro_car_information`;

CREATE TABLE `pro_car_information` (
  `id` int(10) NOT NULL AUTO_INCREMENT,
  `car_number` varchar(255) NOT NULL,
  `state` int(10) NOT NULL DEFAULT '0' COMMENT '0正常1拉黑',
  `priceMode` int(10) NOT NULL COMMENT '1月租2临时',
  `situation` int(10) NOT NULL DEFAULT '0' COMMENT '0存在1删除',
  PRIMARY KEY (`id`),
  KEY `priceMode` (`priceMode`),
  CONSTRAINT `pro_car_information_ibfk_1` FOREIGN KEY (`priceMode`) REFERENCES `pro_mode` (`id`)
) ENGINE=InnoDB AUTO_INCREMENT=115 DEFAULT CHARSET=utf8;

/*Data for the table `pro_car_information` */

insert  into `pro_car_information`(`id`,`car_number`,`state`,`priceMode`,`situation`) values 
(1,'京A00001',1,1,1),
(2,'京A00211',0,2,0),
(4,'京A00002',1,1,1),
(5,'京A00003',0,1,1),
(6,'京A00004',1,1,0),
(7,'京A00005',0,1,0),
(8,'京A00006',1,1,0),
(9,'京A00007',1,1,0),
(10,'京A00008',1,1,0),
(11,'京A00009',1,1,0),
(12,'京A00010',1,1,0),
(13,'京A00011',1,1,0),
(14,'京A00012',1,1,0),
(15,'京A00013',1,1,0),
(16,'京A00014',1,1,0),
(17,'京A00015',1,1,0),
(18,'京A00016',1,1,0),
(19,'京A00017',1,1,0),
(20,'京A00018',1,1,0),
(21,'京A00019',1,1,0),
(22,'京A00020',1,1,0),
(23,'京A00021',1,1,0),
(24,'京A00022',1,1,0),
(25,'京A00023',1,1,0),
(26,'京A00024',1,1,0),
(27,'京A00025',1,1,0),
(28,'京A00001',1,1,0),
(29,'京C00001',1,1,0),
(30,'京D00001',1,1,0),
(31,'京E00001',1,1,0),
(32,'京A00030',1,2,0),
(33,'京A00031',1,2,0),
(34,'京A00032',1,2,1),
(35,'京A00033',1,1,0),
(36,'京A00034',1,2,0),
(37,'京A00035',1,2,0),
(38,'京A00036',1,2,0),
(39,'京A00037',1,2,0),
(40,'京A00038',1,2,0),
(41,'京A00039',1,2,0),
(42,'京A00040',1,2,0),
(43,'京A00041',1,2,0),
(44,'京A00042',1,1,0),
(45,'京A00043',1,2,0),
(46,'京A00044',0,1,0),
(47,'京A00045',1,2,0),
(48,'京A00046',0,1,0),
(49,'京A00047',1,1,0),
(50,'京A00048',0,1,0),
(51,'京A00049',1,1,0),
(52,'京A00050',0,1,0),
(53,'京A00051',1,1,0),
(54,'京A00052',0,1,0),
(55,'京A00053',0,1,0),
(56,'京A00054',0,1,0),
(57,'京A00055',0,1,0),
(58,'京A00056',0,1,0),
(59,'京A00057',0,1,0),
(60,'京A00058',0,2,0),
(61,'京A00059',0,1,0),
(62,'京A00060',0,1,1),
(63,'京B00004',0,1,0),
(64,'京B00003',1,1,0),
(66,'京B12311',0,1,0),
(100,'京A66666',0,1,0),
(111,'京A00111',0,1,0),
(112,'京C00011',0,2,0),
(113,'京A60601',0,2,0),
(114,'京A63083',0,2,0);

/*Table structure for table `pro_mode` */

DROP TABLE IF EXISTS `pro_mode`;

CREATE TABLE `pro_mode` (
  `id` int(10) NOT NULL,
  `mode` varchar(100) NOT NULL,
  PRIMARY KEY (`id`)
) ENGINE=InnoDB DEFAULT CHARSET=utf8;

/*Data for the table `pro_mode` */

insert  into `pro_mode`(`id`,`mode`) values 
(1,'月租'),
(2,'临时');

/*Table structure for table `pro_parked_vehicles` */

DROP TABLE IF EXISTS `pro_parked_vehicles`;

CREATE TABLE `pro_parked_vehicles` (
  `id` int(10) NOT NULL AUTO_INCREMENT,
  `car_id` int(10) NOT NULL,
  `entry_time` timestamp NOT NULL DEFAULT CURRENT_TIMESTAMP,
  `parking_state` int(10) NOT NULL DEFAULT '0',
  `photo` varchar(255) NOT NULL DEFAULT '/common/default.png',
  PRIMARY KEY (`id`),
  KEY `car_id` (`car_id`),
  CONSTRAINT `pro_parked_vehicles_ibfk_1` FOREIGN KEY (`car_id`) REFERENCES `pro_car_information` (`id`)
) ENGINE=InnoDB AUTO_INCREMENT=59 DEFAULT CHARSET=utf8;

/*Data for the table `pro_parked_vehicles` */

insert  into `pro_parked_vehicles`(`id`,`car_id`,`entry_time`,`parking_state`,`photo`) values 
(3,4,'2021-11-19 15:49:57',0,'/common/default.png'),
(4,5,'2021-11-19 15:50:03',0,'/common/default.png'),
(5,6,'2021-11-19 15:50:24',0,'/common/default.png'),
(45,7,'2022-04-13 09:46:11',0,'/common/default.png'),
(46,8,'2022-04-13 09:46:12',0,'/common/default.png'),
(47,9,'2022-04-13 09:46:12',0,'/common/default.png'),
(48,10,'2022-04-13 09:46:13',0,'/common/default.png'),
(49,11,'2022-04-13 09:46:16',0,'/common/default.png'),
(50,12,'2022-04-13 09:46:17',0,'/common/default.png'),
(51,13,'2022-04-13 09:46:17',0,'/common/default.png'),
(54,30,'2022-04-14 14:57:00',0,'/common/default.png'),
(57,31,'2022-04-14 15:34:00',0,'/common/default.png'),
(58,114,'2022-05-01 13:24:00',0,'/common/default.png');

/*Table structure for table `pro_parking_record` */

DROP TABLE IF EXISTS `pro_parking_record`;

CREATE TABLE `pro_parking_record` (
  `id` int(10) NOT NULL AUTO_INCREMENT,
  `car_id` int(10) NOT NULL,
  `entry_time` timestamp NOT NULL DEFAULT CURRENT_TIMESTAMP,
  `departure_time` timestamp NULL DEFAULT NULL,
  `price` double NOT NULL DEFAULT '0',
  `record_situation` int(11) NOT NULL DEFAULT '0',
  PRIMARY KEY (`id`),
  KEY `car_id` (`car_id`),
  CONSTRAINT `pro_parking_record_ibfk_1` FOREIGN KEY (`car_id`) REFERENCES `pro_car_information` (`id`)
) ENGINE=InnoDB AUTO_INCREMENT=161 DEFAULT CHARSET=utf8;

/*Data for the table `pro_parking_record` */

insert  into `pro_parking_record`(`id`,`car_id`,`entry_time`,`departure_time`,`price`,`record_situation`) values 
(1,1,'2021-11-15 20:14:47','2021-11-15 20:14:57',0,0),
(2,1,'2022-03-18 20:53:31','2021-04-03 00:00:00',0,1),
(3,2,'2022-03-17 20:54:04','2023-02-01 00:00:00',0,0),
(4,4,'2022-03-20 17:00:42','2023-02-01 00:00:00',0,0),
(7,6,'2022-03-20 17:01:00','2023-02-01 00:00:00',0,0),
(9,6,'2022-03-20 17:01:14','2023-02-01 00:00:00',0,0),
(10,10,'2022-03-20 17:01:19','2023-02-01 00:00:00',0,0),
(13,13,'2022-03-20 17:01:32','2023-02-01 00:00:00',0,0),
(14,11,'2022-03-20 17:01:35','2023-02-01 00:00:00',0,0),
(15,55,'2022-03-20 17:01:43','2023-02-01 00:00:00',0,0),
(16,11,'2022-03-20 17:01:57','2023-02-01 00:00:00',0,0),
(17,11,'2022-03-20 17:02:00','2023-02-01 00:00:00',0,0),
(18,15,'2022-03-20 17:02:04','2023-02-01 00:00:00',0,0),
(19,66,'2022-03-20 17:02:06','2023-02-01 00:00:00',0,0),
(20,55,'2022-03-20 17:02:07','2023-02-01 00:00:00',0,0),
(22,66,'2022-03-20 17:02:14','2023-02-01 00:00:00',0,0),
(23,45,'2022-03-20 17:02:15','2023-02-01 00:00:00',0,0),
(24,64,'2022-03-20 17:02:17','2023-02-01 00:00:00',0,0),
(25,55,'2022-03-20 17:02:19','2023-02-01 00:00:00',0,0),
(26,35,'2022-03-20 17:02:21','2023-02-01 00:00:00',0,0),
(27,66,'2022-03-20 17:02:42','2023-02-01 00:00:00',0,0),
(28,66,'2022-03-20 17:04:11','2022-02-02 00:00:00',155,0),
(30,64,'2022-03-20 17:04:16','2022-02-02 00:00:00',155,1),
(31,55,'2022-03-20 17:04:19','2022-02-02 00:00:00',10,0),
(32,100,'2022-03-20 17:04:24','2024-02-01 00:00:00',122,0),
(33,1,'2022-03-20 22:08:00','2022-03-21 02:08:00',0,0),
(34,1,'2022-03-20 22:13:00','2022-03-21 22:13:00',0,0),
(35,1,'2022-03-21 16:06:00','2022-03-21 16:06:44',0,0),
(36,1,'2022-03-17 16:07:00','2022-03-21 16:07:25',0,0),
(37,6,'2022-03-21 16:06:00','2022-03-21 16:07:25',0,0),
(38,9,'2022-03-21 16:06:00',NULL,0,0),
(39,1,'2022-03-10 16:13:00',NULL,0,0),
(40,1,'2022-03-12 16:43:00',NULL,0,0),
(41,1,'2022-03-15 16:43:00','2022-03-21 16:43:00',0,0),
(42,1,'2022-03-02 16:45:00','2022-03-04 16:45:00',0,0),
(43,12,'2022-03-01 16:47:00','2022-03-03 16:48:00',0,0),
(44,1,'2022-03-01 16:52:00','2022-03-03 16:52:00',0,0),
(45,1,'2022-03-01 16:54:00','2022-03-03 16:54:00',144,0),
(46,64,'2022-03-08 16:56:00','2022-03-10 16:56:00',144,0),
(47,100,'2022-03-10 17:05:00','2022-03-18 17:06:00',0,0),
(48,2,'2022-03-11 17:06:00','2022-03-12 17:07:00',72,0),
(49,2,'2022-03-02 17:09:00','2022-03-03 17:09:00',72,0),
(50,1,'2022-03-23 11:12:00',NULL,0,0),
(51,1,'2022-03-23 11:12:00','2022-03-23 11:12:00',0,0),
(52,1,'2022-04-09 21:10:00','2022-04-10 21:10:00',0,0),
(53,2,'2022-04-09 21:11:00','2022-04-10 21:11:00',72,0),
(54,2,'2022-04-08 21:23:00','2022-04-09 21:23:00',72,0),
(55,16,'2022-04-13 09:46:20','2022-04-13 10:32:47',0,0),
(56,15,'2022-04-13 09:46:19','2022-04-13 10:36:20',0,0),
(57,15,'2022-04-13 07:46:19','2022-04-13 10:37:28',6,0),
(58,14,'2022-04-13 09:46:18','2022-04-13 10:39:56',0,0),
(59,14,'2022-04-13 09:46:18','2022-04-13 11:36:08',3,0),
(60,14,'2022-04-13 09:46:18','2022-04-13 11:37:16',3,0),
(61,14,'2022-04-13 09:46:18','2022-04-13 11:38:31',3,0),
(62,14,'2022-04-13 09:46:18','2022-04-13 11:50:45',6,0),
(63,14,'2022-04-13 09:46:18','2022-04-13 11:51:13',6,0),
(64,1,'2022-04-15 15:20:00','2022-04-15 18:20:00',0,0),
(65,2,'2022-04-14 15:22:00','2022-04-15 15:22:00',72,0),
(66,14,'2022-04-13 09:46:18','2022-04-15 15:24:53',159,0),
(98,45,'2022-04-14 15:11:00','2022-04-15 19:31:22',84,0),
(99,13,'2022-04-13 09:46:17','2022-04-15 19:35:15',171,0),
(155,113,'2022-04-21 17:50:00','2022-04-21 18:18:00',0,0),
(156,113,'2022-04-21 18:19:00','2022-04-21 18:19:42',0,0),
(157,113,'2022-04-21 18:25:00','2022-04-21 18:25:52',0,0),
(158,113,'2022-04-21 18:29:00','2022-04-21 18:29:38',0,0),
(159,113,'2022-04-30 17:29:00','2022-04-30 17:29:47',0,0),
(160,114,'2022-04-30 22:32:00','2022-04-30 22:39:05',0,0);

/*!40101 SET SQL_MODE=@OLD_SQL_MODE */;
/*!40014 SET FOREIGN_KEY_CHECKS=@OLD_FOREIGN_KEY_CHECKS */;
/*!40014 SET UNIQUE_CHECKS=@OLD_UNIQUE_CHECKS */;
/*!40111 SET SQL_NOTES=@OLD_SQL_NOTES */;
